<hibernate-configuration>
    <session-factory>
        <!-- JDBC Database connection settings -->
        <property name="connection.driver_class">org.h2.Driver</property>
        <property name="connection.url">jdbc:h2:mem:test</property>
        <property name="connection.username">sa</property>
        <property name="connection.password"/>
        <!--
         JDBC connection pool settings ... using built-in test pool
        -->
        <property name="connection.pool_size">1</property>
        <!-- Select our SQL dialect -->
        <property name="dialect">org.hibernate.dialect.H2Dialect</property>
        <!-- Echo the SQL to stdout -->
        <property name="show_sql">true</property>
        <!-- Set the current session context -->
        <property name="current_session_context_class">thread</property>
        <!--
         Drop and re-create the database schema on startup
        -->
        <property name="hbm2ddl.auto">create-drop</property>
        <!-- dbcp connection pool configuration -->
        <property name="hibernate.dbcp.initialSize">5</property>
        <property name="hibernate.dbcp.maxTotal">20</property>
        <property name="hibernate.dbcp.maxIdle">10</property>
        <property name="hibernate.dbcp.minIdle">5</property>
        <property name="hibernate.dbcp.maxWaitMillis">-1</property>
        <mapping class="entity.Departamentos"/>
        <mapping class="entity.Gerente"/>
        <mapping class="entity.Funcionarios"/>
        <mapping class="entity.Empresa"/>
    </session-factory>
</hibernate-configuration>